{"assets/DuckHop.gif":["assets/DuckHop.gif"],"assets/DuckHopRun.gif":["assets/DuckHopRun.gif"],"assets/codingguy.png":["assets/codingguy.png"],"assets/comfy-cat.png":["assets/comfy-cat.png"],"assets/comfySpaceIcon.png":["assets/comfySpaceIcon.png"],"assets/comfyWeb/.gitignore":["assets/comfyWeb/.gitignore"],"assets/comfyWeb/.nojekyll":["assets/comfyWeb/.nojekyll"],"assets/comfyWeb/README.md":["assets/comfyWeb/README.md"],"assets/comfyWeb/_sidebar.md":["assets/comfyWeb/_sidebar.md"],"assets/comfyWeb/buttonGuide.md":["assets/comfyWeb/buttonGuide.md"],"assets/comfyWeb/comfyRoboGuide.md":["assets/comfyWeb/comfyRoboGuide.md"],"assets/comfyWeb/comfyScriptGuide.md":["assets/comfyWeb/comfyScriptGuide.md"],"assets/comfyWeb/developerInformation.md":["assets/comfyWeb/developerInformation.md"],"assets/comfyWeb/helpContribute.md":["assets/comfyWeb/helpContribute.md"],"assets/comfyWeb/index.html":["assets/comfyWeb/index.html"],"assets/comfyWeb/raspberryPiSetup.md":["assets/comfyWeb/raspberryPiSetup.md"],"assets/comfyWeb/spaceGuide.md":["assets/comfyWeb/spaceGuide.md"],"assets/duck.gif":["assets/duck.gif"],"assets/icons/comfy-cat-30.png":["assets/icons/comfy-cat-30.png"],"assets/icons/distro/RPI-icon.png":["assets/icons/distro/RPI-icon.png"],"assets/icons/distro/arch-icon.png":["assets/icons/distro/arch-icon.png"],"assets/icons/distro/debian-icon.png":["assets/icons/distro/debian-icon.png"],"assets/icons/distro/fedora-icon.png":["assets/icons/distro/fedora-icon.png"],"assets/icons/distro/kali-icon.png":["assets/icons/distro/kali-icon.png"],"assets/icons/distro/linux-icon.png":["assets/icons/distro/linux-icon.png"],"assets/icons/distro/manjaro-icon.png":["assets/icons/distro/manjaro-icon.png"],"assets/icons/distro/mint-icon.png":["assets/icons/distro/mint-icon.png"],"assets/icons/distro/openSUSE-icon.png":["assets/icons/distro/openSUSE-icon.png"],"assets/icons/distro/space-dog.png":["assets/icons/distro/space-dog.png"],"assets/icons/distro/ubuntu-icon.png":["assets/icons/distro/ubuntu-icon.png"],"assets/icons/forward.png":["assets/icons/forward.png"],"assets/icons/icon.png":["assets/icons/icon.png"],"assets/icons/space-dog.png":["assets/icons/space-dog.png"],"assets/play-store.png":["assets/play-store.png"],"assets/play.png":["assets/play.png"],"assets/secretshit/WireDashProjectID.txt":["assets/secretshit/WireDashProjectID.txt"],"assets/secretshit/WireDashSecret.txt":["assets/secretshit/WireDashSecret.txt"],"assets/space-dog.png":["assets/space-dog.png"],"assets/speedDialIcons/DataButton.png":["assets/speedDialIcons/DataButton.png"],"assets/speedDialIcons/HorizontalGesture.png":["assets/speedDialIcons/HorizontalGesture.png"],"assets/speedDialIcons/SinglePress.png":["assets/speedDialIcons/SinglePress.png"],"assets/speedDialIcons/Tap.png":["assets/speedDialIcons/Tap.png"],"assets/speedDialIcons/Toggle.gif":["assets/speedDialIcons/Toggle.gif"],"assets/speedDialIcons/VerticalGesture.png":["assets/speedDialIcons/VerticalGesture.png"],"assets/speedDialIcons/custom_button.png":["assets/speedDialIcons/custom_button.png"],"assets/speedDialIcons/dc-motor.png":["assets/speedDialIcons/dc-motor.png"],"assets/speedDialIcons/led.png":["assets/speedDialIcons/led.png"],"assets/speedDialIcons/stepperMotor.png":["assets/speedDialIcons/stepperMotor.png"],"assets/speedDialIcons/toggle.png":["assets/speedDialIcons/toggle.png"],"assets/speedDialIcons/ultrasonic_distance_sensor.png":["assets/speedDialIcons/ultrasonic_distance_sensor.png"],"assets/speedDialIcons/vertical_swipe.png":["assets/speedDialIcons/vertical_swipe.png"],"assets/test.json":["assets/test.json"],"assets/ubuntu-icon.png":["assets/ubuntu-icon.png"],"assets/ubuntu-icon.svg":["assets/ubuntu-icon.svg"],"assets/ubuntu-tile.png":["assets/ubuntu-tile.png"],"database/comfySpace.db":["database/comfySpace.db"],"packages/cupertino_icons/assets/CupertinoIcons.ttf":["packages/cupertino_icons/assets/CupertinoIcons.ttf"],"packages/flutter_inappwebview/assets/t_rex_runner/t-rex.css":["packages/flutter_inappwebview/assets/t_rex_runner/t-rex.css"],"packages/flutter_inappwebview/assets/t_rex_runner/t-rex.html":["packages/flutter_inappwebview/assets/t_rex_runner/t-rex.html"],"packages/wiredash/assets/images/logo_white.png":["packages/wiredash/assets/images/logo_white.png"],"packages/wiredash/lib/assets/fonts/Inter-Bold.ttf":["packages/wiredash/lib/assets/fonts/Inter-Bold.ttf"],"packages/wiredash/lib/assets/fonts/Inter-Regular.ttf":["packages/wiredash/lib/assets/fonts/Inter-Regular.ttf"],"packages/wiredash/lib/assets/fonts/Inter-SemiBold.ttf":["packages/wiredash/lib/assets/fonts/Inter-SemiBold.ttf"],"packages/wiredash/lib/assets/fonts/Wirecons.ttf":["packages/wiredash/lib/assets/fonts/Wirecons.ttf"]}