[{"family":"MaterialIcons","fonts":[{"asset":"fonts/MaterialIcons-Regular.otf"}]},{"family":"packages/cupertino_icons/CupertinoIcons","fonts":[{"asset":"packages/cupertino_icons/assets/CupertinoIcons.ttf"}]},{"family":"packages/wiredash/Inter","fonts":[{"weight":400,"asset":"packages/wiredash/lib/assets/fonts/Inter-Regular.ttf"},{"weight":600,"asset":"packages/wiredash/lib/assets/fonts/Inter-SemiBold.ttf"},{"weight":700,"asset":"packages/wiredash/lib/assets/fonts/Inter-Bold.ttf"}]},{"family":"packages/wiredash/Wirecons","fonts":[{"asset":"packages/wiredash/lib/assets/fonts/Wirecons.ttf"}]}]